{"Steel": {
    "Sheet, S235 grade": {"f0": 10.47887560E9, "f1": 10.47610680E9, "f2": 10.48169800E9},
    "Sheet, 304 stainless": {"f0": 10.47511340E9, "f1": 10.47236750E9, "f2": 10.47790310E9}
},
"Aluminum": {
    "Sheet": {"f0": 10.47617310E9, "f1": 10.47418290E9, "f2": 10.47816570E9},
    "top cover": {"f0": 10.47511100E9, "f1": 10.47312230E9, "f2": 10.477108170E9},
    "foil": {"f0": 10.48857320E9, "f1": 10.48659720E9, "f2": 10.49056400E9}
},
"Copper": {
    "Sheet": {"f0": 10.47647500E9, "f1": 10.47453550E9, "f2": 10.47840900E9},
    "top cover": {"f0": 10.47505430E9, "f1": 10.47312020E9, "f2": 10.47699650E9}
}
}
