{"Steel": {
    "Sheet, S235 grade": {"f0": 10.47887560E9, "f1": 10.47610680E9, "f2": 10.48169800E9},
    "Sheet, 304 stainless": {"f0": 10.47511340E9, "f1": 10.47236750E9, "f2": 10.47790310E9}
},
"Aluminum": {
    "Sheet, S235 grade": {"f0": 10.47887560E9, "f1": 10.47610680E9, "f2": 10.48169800E9},
    "Sheet, 304 stainless": {"f0": 10.47511340E9, "f1": 10.47236750E9, "f2": 10.47790310E9}
}
}
